Back to Contents,Data 1: Areas for production summary,c,d,e,f,g,h,i,j,k,l,m,n,o,p,q,r,s
Sourcekey,N9010US2,N9010AK2,N9010AR2,N9010CA2,N9010CO2,N9010FX2,N9010KS2,N9010LA2,N9010MT2,N9010NM2,N9010ND2,N9010OH2,N9010OK2,N9010PA2,N9010TX2,N9010UT2,N9010WV2,N9010WY2
Date,U.S. Natural Gas Gross Withdrawals (MMcf),Alaska Natural Gas Gross Withdrawals (MMcf),Arkansas Natural Gas Gross Withdrawals (MMcf),California Natural Gas Gross Withdrawals (MMcf),Colorado Natural Gas Gross Withdrawals (MMcf),Federal Offshore--Gulf of Mexico Natural Gas Gross Withdrawals (MMcf),Kansas Natural Gas Gross Withdrawals (MMcf),Louisiana Natural Gas Gross Withdrawals (MMcf),Montana Natural Gas Gross Withdrawals (MMcf),New Mexico Natural Gas Gross Withdrawals (MMcf),North Dakota Natural Gas Gross Withdrawals (MMcf),Ohio Natural Gas Gross Withdrawals (MMcf),Oklahoma Natural Gas Gross Withdrawals (MMcf),Pennsylvania Natural Gas Gross Withdrawals (MMcf),Texas Natural Gas Gross Withdrawals (MMcf),Utah Natural Gas Gross Withdrawals (MMcf),West Virginia Natural Gas Gross Withdrawals (MMcf),Wyoming Natural Gas Gross Withdrawals (MMcf)
26679.0,,,,,,,,,,,,,,,,,,
26710.0,,,,,,,,,,,,,,,,,,
26738.0,,,,,,,,,,,,,,,,,,
26769.0,,,,,,,,,,,,,,,,,,
26799.0,,,,,,,,,,,,,,,,,,
26830.0,,,,,,,,,,,,,,,,,,
26860.0,,,,,,,,,,,,,,,,,,
26891.0,,,,,,,,,,,,,,,,,,
26922.0,,,,,,,,,,,,,,,,,,
26952.0,,,,,,,,,,,,,,,,,,
26983.0,,,,,,,,,,,,,,,,,,
27013.0,,,,,,,,,,,,,,,,,,
27044.0,,,,,,,,,,,,,,,,,,
27075.0,,,,,,,,,,,,,,,,,,
27103.0,,,,,,,,,,,,,,,,,,
27134.0,,,,,,,,,,,,,,,,,,
27164.0,,,,,,,,,,,,,,,,,,
27195.0,,,,,,,,,,,,,,,,,,
27225.0,,,,,,,,,,,,,,,,,,
27256.0,,,,,,,,,,,,,,,,,,
27287.0,,,,,,,,,,,,,,,,,,
27317.0,,,,,,,,,,,,,,,,,,
27348.0,,,,,,,,,,,,,,,,,,
27378.0,,,,,,,,,,,,,,,,,,
27409.0,,,,,,,,,,,,,,,,,,
27440.0,,,,,,,,,,,,,,,,,,
27468.0,,,,,,,,,,,,,,,,,,
27499.0,,,,,,,,,,,,,,,,,,
27529.0,,,,,,,,,,,,,,,,,,
27560.0,,,,,,,,,,,,,,,,,,
27590.0,,,,,,,,,,,,,,,,,,
27621.0,,,,,,,,,,,,,,,,,,
27652.0,,,,,,,,,,,,,,,,,,
27682.0,,,,,,,,,,,,,,,,,,
27713.0,,,,,,,,,,,,,,,,,,
27743.0,,,,,,,,,,,,,,,,,,
27774.0,,,,,,,,,,,,,,,,,,
27805.0,,,,,,,,,,,,,,,,,,
27834.0,,,,,,,,,,,,,,,,,,
27865.0,,,,,,,,,,,,,,,,,,
27895.0,,,,,,,,,,,,,,,,,,
27926.0,,,,,,,,,,,,,,,,,,
27956.0,,,,,,,,,,,,,,,,,,
27987.0,,,,,,,,,,,,,,,,,,
28018.0,,,,,,,,,,,,,,,,,,
28048.0,,,,,,,,,,,,,,,,,,
28079.0,,,,,,,,,,,,,,,,,,
28109.0,,,,,,,,,,,,,,,,,,
28140.0,,,,,,,,,,,,,,,,,,
28171.0,,,,,,,,,,,,,,,,,,
28199.0,,,,,,,,,,,,,,,,,,
28230.0,,,,,,,,,,,,,,,,,,
28260.0,,,,,,,,,,,,,,,,,,
28291.0,,,,,,,,,,,,,,,,,,
28321.0,,,,,,,,,,,,,,,,,,
28352.0,,,,,,,,,,,,,,,,,,
28383.0,,,,,,,,,,,,,,,,,,
28413.0,,,,,,,,,,,,,,,,,,
28444.0,,,,,,,,,,,,,,,,,,
28474.0,,,,,,,,,,,,,,,,,,
28505.0,,,,,,,,,,,,,,,,,,
28536.0,,,,,,,,,,,,,,,,,,
28564.0,,,,,,,,,,,,,,,,,,
28595.0,,,,,,,,,,,,,,,,,,
28625.0,,,,,,,,,,,,,,,,,,
28656.0,,,,,,,,,,,,,,,,,,
28686.0,,,,,,,,,,,,,,,,,,
28717.0,,,,,,,,,,,,,,,,,,
28748.0,,,,,,,,,,,,,,,,,,
28778.0,,,,,,,,,,,,,,,,,,
28809.0,,,,,,,,,,,,,,,,,,
28839.0,,,,,,,,,,,,,,,,,,
28870.0,,,,,,,,,,,,,,,,,,
28901.0,,,,,,,,,,,,,,,,,,
28929.0,,,,,,,,,,,,,,,,,,
28960.0,,,,,,,,,,,,,,,,,,
28990.0,,,,,,,,,,,,,,,,,,
29021.0,,,,,,,,,,,,,,,,,,
29051.0,,,,,,,,,,,,,,,,,,
29082.0,,,,,,,,,,,,,,,,,,
29113.0,,,,,,,,,,,,,,,,,,
29143.0,,,,,,,,,,,,,,,,,,
29174.0,,,,,,,,,,,,,,,,,,
29204.0,,,,,,,,,,,,,,,,,,
29235.0,1960000.0,,,,,,,,,,,,,,,,,
29266.0,1840000.0,,,,,,,,,,,,,,,,,
29295.0,1971000.0,,,,,,,,,,,,,,,,,
29326.0,1806000.0,,,,,,,,,,,,,,,,,
29356.0,1840000.0,,,,,,,,,,,,,,,,,
29387.0,1725000.0,,,,,,,,,,,,,,,,,
29417.0,1756000.0,,,,,,,,,,,,,,,,,
29448.0,1716000.0,,,,,,,,,,,,,,,,,
29479.0,1723000.0,,,,,,,,,,,,,,,,,
29509.0,1790000.0,,,,,,,,,,,,,,,,,
29540.0,1790000.0,,,,,,,,,,,,,,,,,
29570.0,1949000.0,,,,,,,,,,,,,,,,,
29601.0,1890000.0,,,,,,,,,,,,,,,,,
29632.0,1702000.0,,,,,,,,,,,,,,,,,
29660.0,1871000.0,,,,,,,,,,,,,,,,,
29691.0,1808000.0,,,,,,,,,,,,,,,,,
29721.0,1838000.0,,,,,,,,,,,,,,,,,
29752.0,1770000.0,,,,,,,,,,,,,,,,,
29782.0,1797000.0,,,,,,,,,,,,,,,,,
29813.0,1841000.0,,,,,,,,,,,,,,,,,
29844.0,1716000.0,,,,,,,,,,,,,,,,,
29874.0,1781000.0,,,,,,,,,,,,,,,,,
29905.0,1714000.0,,,,,,,,,,,,,,,,,
29935.0,1860000.0,,,,,,,,,,,,,,,,,
29966.0,1870000.0,,,,,,,,,,,,,,,,,
29997.0,1716000.0,,,,,,,,,,,,,,,,,
30025.0,1822000.0,,,,,,,,,,,,,,,,,
30056.0,1719000.0,,,,,,,,,,,,,,,,,
30086.0,1698000.0,,,,,,,,,,,,,,,,,
30117.0,1647000.0,,,,,,,,,,,,,,,,,
30147.0,1672000.0,,,,,,,,,,,,,,,,,
30178.0,1643000.0,,,,,,,,,,,,,,,,,
30209.0,1574000.0,,,,,,,,,,,,,,,,,
30239.0,1615000.0,,,,,,,,,,,,,,,,,
30270.0,1627000.0,,,,,,,,,,,,,,,,,
30300.0,1669000.0,,,,,,,,,,,,,,,,,
30331.0,1748117.0,,,,,,,,,,,,,,,,,
30362.0,1521467.0,,,,,,,,,,,,,,,,,
30390.0,1577466.0,,,,,,,,,,,,,,,,,
30421.0,1542366.0,,,,,,,,,,,,,,,,,
30451.0,1532055.0,,,,,,,,,,,,,,,,,
30482.0,1495326.0,,,,,,,,,,,,,,,,,
30512.0,1551881.0,,,,,,,,,,,,,,,,,
30543.0,1532451.0,,,,,,,,,,,,,,,,,
30574.0,1462650.0,,,,,,,,,,,,,,,,,
30604.0,1531355.0,,,,,,,,,,,,,,,,,
30635.0,1521775.0,,,,,,,,,,,,,,,,,
30665.0,1642136.0,,,,,,,,,,,,,,,,,
30696.0,1895481.0,,,,,,,,,,,,,,,,,
30727.0,1655189.0,,,,,,,,,,,,,,,,,
30756.0,1699551.0,,,,,,,,,,,,,,,,,
30787.0,1671840.0,,,,,,,,,,,,,,,,,
30817.0,1675256.0,,,,,,,,,,,,,,,,,
30848.0,1623846.0,,,,,,,,,,,,,,,,,
30878.0,1682570.0,,,,,,,,,,,,,,,,,
30909.0,1658423.0,,,,,,,,,,,,,,,,,
30940.0,1580166.0,,,,,,,,,,,,,,,,,
30970.0,1667575.0,,,,,,,,,,,,,,,,,
31001.0,1661692.0,,,,,,,,,,,,,,,,,
31031.0,1794932.0,,,,,,,,,,,,,,,,,
31062.0,1833462.0,,,,,,,,,,,,,,,,,
31093.0,1672775.0,,,,,,,,,,,,,,,,,
31121.0,1689944.0,,,,,,,,,,,,,,,,,
31152.0,1601171.0,,,,,,,,,,,,,,,,,
31182.0,1585096.0,,,,,,,,,,,,,,,,,
31213.0,1526158.0,,,,,,,,,,,,,,,,,
31243.0,1570088.0,,,,,,,,,,,,,,,,,
31274.0,1559116.0,,,,,,,,,,,,,,,,,
31305.0,1536110.0,,,,,,,,,,,,,,,,,
31335.0,1594820.0,,,,,,,,,,,,,,,,,
31366.0,1605066.0,,,,,,,,,,,,,,,,,
31396.0,1832894.0,,,,,,,,,,,,,,,,,
31427.0,1822072.0,,,,,,,,,,,,,,,,,
31458.0,1590678.0,,,,,,,,,,,,,,,,,
31486.0,1697033.0,,,,,,,,,,,,,,,,,
31517.0,1532501.0,,,,,,,,,,,,,,,,,
31547.0,1559058.0,,,,,,,,,,,,,,,,,
31578.0,1488517.0,,,,,,,,,,,,,,,,,
31608.0,1530478.0,,,,,,,,,,,,,,,,,
31639.0,1531488.0,,,,,,,,,,,,,,,,,
31670.0,1449958.0,,,,,,,,,,,,,,,,,
31700.0,1549075.0,,,,,,,,,,,,,,,,,
31731.0,1635610.0,,,,,,,,,,,,,,,,,
31761.0,1744243.0,,,,,,,,,,,,,,,,,
31792.0,1830364.0,,,,,,,,,,,,,,,,,
31823.0,1648472.0,,,,,,,,,,,,,,,,,
31851.0,1745201.0,,,,,,,,,,,,,,,,,
31882.0,1646758.0,,,,,,,,,,,,,,,,,
31912.0,1641199.0,,,,,,,,,,,,,,,,,
31943.0,1575395.0,,,,,,,,,,,,,,,,,
31973.0,1592419.0,,,,,,,,,,,,,,,,,
32004.0,1617677.0,,,,,,,,,,,,,,,,,
32035.0,1546332.0,,,,,,,,,,,,,,,,,
32065.0,1691308.0,,,,,,,,,,,,,,,,,
32096.0,1730252.0,,,,,,,,,,,,,,,,,
32126.0,1874822.0,,,,,,,,,,,,,,,,,
32157.0,1931603.0,,,,,,,,,,,,,,,,,
32188.0,1758595.0,,,,,,,,,,,,,,,,,
32217.0,1833049.0,,,,,,,,,,,,,,,,,
32248.0,1690503.0,,,,,,,,,,,,,,,,,
32278.0,1730340.0,,,,,,,,,,,,,,,,,
32309.0,1660533.0,,,,,,,,,,,,,,,,,
32339.0,1680284.0,,,,,,,,,,,,,,,,,
32370.0,1697417.0,,,,,,,,,,,,,,,,,
32401.0,1614511.0,,,,,,,,,,,,,,,,,
32431.0,1753272.0,,,,,,,,,,,,,,,,,
32462.0,1777887.0,,,,,,,,,,,,,,,,,
32492.0,1871261.0,,,,,,,,,,,,,,,,,
32523.0,1871079.0,,,,,,,,,,,,,,,,,
32554.0,1717410.0,,,,,,,,,,,,,,,,,
32582.0,1814437.0,,,,,,,,,,,,,,,,,
32613.0,1742633.0,,,,,,,,,,,,,,,,,
32643.0,1775667.0,,,,,,,,,,,,,,,,,
32674.0,1688471.0,,,,,,,,,,,,,,,,,
32704.0,1725453.0,,,,,,,,,,,,,,,,,
32735.0,1720256.0,,,,,,,,,,,,,,,,,
32766.0,1649263.0,,,,,,,,,,,,,,,,,
32796.0,1724142.0,,,,,,,,,,,,,,,,,
32827.0,1789778.0,,,,,,,,,,,,,,,,,
32857.0,1855838.0,,,,,,,,,,,,,,,,,
32888.0,1938977.0,,,,,,,,,,,,,,,,,
32919.0,1719684.0,,,,,,,,,,,,,,,,,
32947.0,1841822.0,,,,,,,,,,,,,,,,,
32978.0,1752771.0,,,,,,,,,,,,,,,,,
33008.0,1781076.0,,,,,,,,,,,,,,,,,
33039.0,1712084.0,,,,,,,,,,,,,,,,,
33069.0,1757476.0,,,,,,,,,,,,,,,,,
33100.0,1764953.0,,,,,,,,,,,,,,,,,
33131.0,1690802.0,,,,,,,,,,,,,,,,,
33161.0,1841740.0,,,,,,,,,,,,,,,,,
33192.0,1825816.0,,,,,,,,,,,,,,,,,
33222.0,1895421.0,,,,,,,,,,,,,,,,,
33253.0,1956947.0,206213.0,19595.0,36651.0,21103.0,,64057.0,475615.0,5317.0,98168.0,5413.0,13138.0,194179.0,13538.0,613705.0,29169.0,17794.0,81224.0
33284.0,1737959.0,192757.0,16126.0,32831.0,24172.0,,54742.0,415395.0,4533.0,81480.0,4886.0,11794.0,176577.0,12153.0,540324.0,25803.0,15880.0,72419.0
33312.0,1889228.0,212592.0,16675.0,39214.0,24435.0,,58012.0,446189.0,4861.0,90924.0,5408.0,12855.0,189362.0,13271.0,578880.0,28696.0,17289.0,87728.0
33343.0,1799742.0,193357.0,13393.0,37554.0,25590.0,,52088.0,427529.0,4866.0,87912.0,5186.0,12191.0,182592.0,12588.0,556087.0,27430.0,16401.0,83390.0
33373.0,1786338.0,189547.0,13191.0,37761.0,23263.0,,50888.0,421558.0,4600.0,87739.0,5231.0,12085.0,181866.0,12483.0,561205.0,26066.0,16256.0,79090.0
33404.0,1712514.0,190891.0,12183.0,35557.0,23548.0,,46821.0,394184.0,3543.0,83496.0,5259.0,11737.0,168292.0,12115.0,546366.0,25904.0,15660.0,78893.0
33434.0,1740174.0,198657.0,12113.0,39094.0,23557.0,,45032.0,392974.0,3583.0,78816.0,5595.0,11966.0,176757.0,12372.0,555274.0,26327.0,15973.0,79998.0
33465.0,1740663.0,194613.0,11439.0,37700.0,24550.0,,42868.0,396947.0,4173.0,84884.0,5337.0,11942.0,171545.0,12338.0,551733.0,27840.0,15968.0,84670.0
33496.0,1715762.0,186968.0,11397.0,38819.0,23440.0,,43595.0,399564.0,4023.0,85430.0,4737.0,11590.0,167685.0,11991.0,550257.0,23393.0,15638.0,79188.0
33526.0,1863592.0,206342.0,13248.0,43053.0,24584.0,,50514.0,436848.0,4479.0,93028.0,4987.0,12612.0,180504.0,13054.0,590111.0,28671.0,17037.0,84356.0
33557.0,1864008.0,199164.0,14747.0,41556.0,25178.0,,58127.0,434276.0,4241.0,91833.0,5214.0,12611.0,179976.0,13042.0,588828.0,28721.0,16994.0,86145.0
33587.0,1942461.0,207795.0,15525.0,40046.0,31698.0,,63441.0,458989.0,4783.0,94910.0,5404.0,13130.0,184516.0,13555.0,612771.0,25640.0,17715.0,81377.0
33618.0,1952053.0,220207.0,18688.0,40367.0,28269.0,,65091.0,453270.0,5106.0,97887.0,5278.0,12811.0,184091.0,12329.0,598880.0,27197.0,16181.0,91656.0
33649.0,1747923.0,216672.0,16702.0,36985.0,26307.0,,56523.0,402327.0,4902.0,88307.0,4889.0,11514.0,166004.0,11001.0,528013.0,25078.0,14439.0,66059.0
33678.0,1837330.0,225612.0,18015.0,39291.0,25490.0,,53640.0,420967.0,5332.0,96143.0,5203.0,12436.0,165802.0,11762.0,553839.0,25991.0,15437.0,86107.0
33709.0,1801298.0,219351.0,17364.0,39024.0,26125.0,,47570.0,411917.0,4653.0,103739.0,4783.0,11936.0,168030.0,11377.0,538891.0,23358.0,14931.0,82918.0
33739.0,1841543.0,214908.0,17271.0,39717.0,27205.0,,50404.0,431327.0,4504.0,110218.0,4881.0,11885.0,165080.0,11468.0,560714.0,25028.0,15051.0,78099.0
33770.0,1799501.0,204193.0,16725.0,36276.0,27139.0,,48717.0,417000.0,3734.0,103727.0,4865.0,11431.0,166336.0,11110.0,543985.0,25354.0,14580.0,83725.0
33800.0,1841528.0,207403.0,17032.0,37994.0,26396.0,,49180.0,427388.0,3938.0,113534.0,5024.0,11646.0,160800.0,11339.0,556864.0,26008.0,14882.0,92895.0
33831.0,1798984.0,205162.0,17039.0,36885.0,27842.0,,48695.0,382708.0,3854.0,115909.0,5049.0,11664.0,159160.0,11212.0,562265.0,25896.0,14715.0,92078.0
33862.0,1786200.0,213266.0,16837.0,35860.0,27128.0,,47944.0,381170.0,3842.0,110818.0,4841.0,11528.0,160231.0,11089.0,555604.0,26956.0,14553.0,87299.0
33892.0,1898912.0,229947.0,18149.0,37302.0,28391.0,,56453.0,414845.0,4583.0,113532.0,5203.0,12472.0,170825.0,11902.0,579459.0,27416.0,15620.0,91334.0
33923.0,1871098.0,225054.0,18132.0,34459.0,29527.0,,64486.0,406315.0,5144.0,115884.0,4900.0,12450.0,172795.0,11789.0,557729.0,27403.0,15473.0,92754.0
33953.0,1955878.0,243938.0,18951.0,34695.0,34175.0,,71039.0,428235.0,5218.0,120081.0,5063.0,13042.0,178201.0,12296.0,571770.0,28590.0,16137.0,91893.0
33984.0,1965166.0,241168.0,17881.0,35778.0,32694.0,,68326.0,423076.0,5335.0,118270.0,5424.0,12178.0,181837.0,11538.0,586639.0,29036.0,15164.0,94983.0
34015.0,1767708.0,215639.0,16025.0,31941.0,29383.0,,59556.0,382554.0,4826.0,110194.0,5010.0,10875.0,162387.0,10337.0,531285.0,27418.0,14540.0,85936.0
34043.0,1943064.0,241867.0,17402.0,34552.0,33718.0,,61876.0,406496.0,5124.0,120573.0,5517.0,11718.0,174972.0,11214.0,589124.0,31267.0,14678.0,97361.0
34074.0,1842904.0,223263.0,16655.0,33088.0,34380.0,,55016.0,395723.0,4790.0,115915.0,5467.0,11238.0,167804.0,10773.0,569381.0,29882.0,13676.0,77740.0
34104.0,1878769.0,225685.0,16899.0,33431.0,36385.0,,56230.0,411114.0,4693.0,121341.0,5533.0,11318.0,169008.0,10929.0,579566.0,27942.0,13828.0,79381.0
34135.0,1794868.0,203582.0,16225.0,32111.0,33931.0,,53159.0,394868.0,4058.0,115051.0,5365.0,10862.0,162193.0,10505.0,558683.0,28358.0,13984.0,71670.0
34165.0,1850299.0,204453.0,16661.0,32692.0,32995.0,,53089.0,412879.0,3995.0,116464.0,5541.0,11030.0,164704.0,10759.0,576857.0,27521.0,13701.0,83442.0
34196.0,1871405.0,219932.0,16699.0,32747.0,34802.0,,51079.0,420433.0,3454.0,121483.0,5541.0,11034.0,164753.0,10778.0,572473.0,25763.0,14144.0,85985.0
34227.0,1832337.0,213811.0,16417.0,32302.0,33910.0,,47670.0,417563.0,4095.0,117900.0,5308.0,10879.0,162440.0,10595.0,555943.0,24670.0,14031.0,84823.0
34257.0,1950320.0,249679.0,17570.0,34947.0,35488.0,,54487.0,440892.0,5064.0,122550.0,5388.0,11850.0,176939.0,11352.0,574332.0,27934.0,14506.0,87192.0
34288.0,1965775.0,262373.0,17644.0,35074.0,36448.0,,60596.0,458579.0,4920.0,123183.0,5318.0,11871.0,177265.0,11404.0,551251.0,27324.0,13568.0,86045.0
34318.0,2063028.0,276888.0,18474.0,36704.0,39870.0,,67071.0,482445.0,5163.0,127407.0,5539.0,12432.0,185638.0,11946.0,571392.0,29068.0,15205.0,88044.0
34349.0,2022627.0,268574.0,17082.0,34930.0,39207.0,,70958.0,441368.0,4998.0,130793.0,5466.0,11722.0,171629.0,10523.0,577140.0,28316.0,16294.0,91580.0
34380.0,1815466.0,239920.0,15309.0,31184.0,35941.0,,61850.0,402280.0,4529.0,121891.0,5014.0,10468.0,153271.0,9428.0,526756.0,28226.0,15623.0,81686.0
34408.0,2028595.0,269535.0,16624.0,33733.0,38103.0,,64259.0,436425.0,4625.0,133334.0,5459.0,11280.0,165150.0,10227.0,593034.0,30799.0,15772.0,89771.0
34439.0,1924133.0,248381.0,15911.0,32303.0,38734.0,,57135.0,423914.0,4439.0,128118.0,5418.0,10818.0,158384.0,9826.0,573725.0,29630.0,14695.0,92679.0
34469.0,1983962.0,250838.0,16144.0,32638.0,41588.0,,58396.0,438127.0,4132.0,134175.0,5580.0,10895.0,159521.0,9967.0,589005.0,29997.0,14859.0,89438.0
34500.0,1881268.0,225763.0,15500.0,31349.0,36686.0,,55207.0,420754.0,3399.0,127092.0,5282.0,10456.0,153088.0,9581.0,573948.0,28579.0,15027.0,81840.0
34530.0,1942942.0,226822.0,15917.0,31916.0,38457.0,,55134.0,434335.0,3440.0,128736.0,5365.0,10618.0,155458.0,9813.0,597196.0,29370.0,14722.0,89362.0
34561.0,1970795.0,243652.0,15953.0,31971.0,39010.0,,53046.0,435920.0,3797.0,134315.0,5271.0,10621.0,155505.0,9830.0,595742.0,30013.0,15198.0,96092.0
34592.0,1877710.0,237312.0,15683.0,31536.0,39176.0,,49506.0,411131.0,3970.0,130437.0,4982.0,10472.0,153321.0,9663.0,563076.0,28336.0,15077.0,87603.0
34622.0,1981888.0,277488.0,16785.0,34118.0,40396.0,,56586.0,428858.0,4512.0,135442.0,5325.0,11406.0,167006.0,10353.0,568696.0,28414.0,15588.0,90935.0
34653.0,2035684.0,290954.0,16856.0,34242.0,39810.0,,62930.0,462108.0,4533.0,136403.0,5086.0,11428.0,167314.0,10401.0,569968.0,27656.0,14579.0,89240.0
34683.0,2115634.0,306660.0,17648.0,35834.0,39922.0,,69654.0,490877.0,4698.0,141061.0,4984.0,11967.0,175216.0,10895.0,583419.0,27683.0,16338.0,90636.0
34714.0,2043131.0,293221.0,17078.0,33825.0,49002.0,,64385.0,441789.0,4965.0,135680.0,4914.0,11206.0,160707.0,9693.0,576206.0,27546.0,16512.0,100479.0
34745.0,1821998.0,262194.0,15305.0,30198.0,43073.0,,60800.0,390626.0,4316.0,126422.0,4461.0,10008.0,143517.0,8684.0,522018.0,25887.0,15832.0,83712.0
34773.0,2025808.0,295252.0,16621.0,32666.0,47698.0,,59543.0,421704.0,4752.0,138319.0,5009.0,10783.0,154640.0,9421.0,585078.0,29521.0,15983.0,94527.0
34804.0,1944500.0,271958.0,15908.0,31282.0,46006.0,,59716.0,415676.0,4417.0,132959.0,4730.0,10342.0,148305.0,9050.0,568598.0,28400.0,14892.0,94125.0
34834.0,1996735.0,274472.0,16140.0,31606.0,46753.0,,61806.0,437500.0,4186.0,139198.0,4857.0,10416.0,149369.0,9181.0,586032.0,26636.0,15058.0,90777.0
34865.0,1910423.0,246902.0,15496.0,30358.0,44730.0,,58845.0,416802.0,3459.0,131949.0,4770.0,9996.0,143346.0,8825.0,572868.0,21539.0,15228.0,87016.0
34895.0,1960252.0,246629.0,15913.0,30907.0,44123.0,,59992.0,437583.0,3537.0,133592.0,4333.0,10151.0,145565.0,9039.0,591609.0,23180.0,14919.0,91052.0
34926.0,1964637.0,266320.0,15950.0,30960.0,44199.0,,58610.0,425397.0,3619.0,139356.0,4854.0,10154.0,145609.0,9054.0,587481.0,23550.0,15401.0,89264.0
34957.0,1914391.0,258532.0,15680.0,30538.0,42633.0,,53901.0,427136.0,3777.0,135269.0,4711.0,10011.0,143565.0,8901.0,565874.0,23892.0,15278.0,87351.0
34987.0,1988496.0,303310.0,16781.0,33039.0,46478.0,,58902.0,406366.0,4395.0,140567.0,4828.0,10905.0,156378.0,9537.0,570649.0,22666.0,15796.0,94532.0
35018.0,2045375.0,317059.0,16852.0,33159.0,46491.0,,60856.0,457137.0,4610.0,141362.0,4579.0,10925.0,156667.0,9580.0,566785.0,23901.0,14774.0,92177.0
35048.0,2127881.0,334056.0,17644.0,34701.0,38446.0,,66034.0,485064.0,4731.0,146204.0,4628.0,11441.0,164066.0,10035.0,579458.0,26516.0,16557.0,95100.0
35079.0,2049073.0,301376.0,18900.0,30585.0,49685.0,,63226.0,440515.0,4542.0,145243.0,4748.0,10578.0,143693.0,11975.0,591346.0,25848.0,15059.0,96026.0
35110.0,1937875.0,285293.0,18334.0,32408.0,46512.0,,62932.0,415699.0,4310.0,135363.0,4307.0,9447.0,139115.0,10694.0,557318.0,23523.0,14439.0,89928.0
35139.0,2051442.0,302965.0,20252.0,34454.0,48779.0,,63277.0,449686.0,4483.0,147918.0,4643.0,10179.0,131701.0,11523.0,600145.0,24135.0,14577.0,95032.0
35170.0,2000697.0,276137.0,18186.0,33677.0,46246.0,,61100.0,439158.0,4144.0,142006.0,4541.0,9762.0,147949.0,11051.0,574777.0,23060.0,13581.0,91283.0
35200.0,2022455.0,253591.0,17518.0,33599.0,47900.0,,62441.0,454603.0,4295.0,148834.0,4757.0,9832.0,149425.0,11130.0,603819.0,23810.0,13732.0,89066.0
35231.0,1959001.0,262958.0,17606.0,32733.0,46151.0,,56542.0,438611.0,3530.0,141155.0,4542.0,9435.0,143675.0,10681.0,578686.0,22613.0,13887.0,80609.0
35261.0,2007073.0,256519.0,18100.0,34174.0,46549.0,,57322.0,453464.0,3673.0,134102.0,4622.0,9581.0,146451.0,10847.0,602948.0,22433.0,13606.0,92427.0
35292.0,2025372.0,267370.0,18430.0,33866.0,52240.0,,55363.0,458064.0,4116.0,136002.0,4714.0,9584.0,148463.0,10850.0,598966.0,23031.0,14046.0,92084.0
35323.0,1966704.0,272968.0,18695.0,32879.0,46296.0,,55784.0,443910.0,4237.0,130724.0,4740.0,9450.0,143302.0,10698.0,576586.0,22981.0,13934.0,87556.0
35353.0,2030248.0,296292.0,18930.0,33999.0,51394.0,,57819.0,439902.0,4744.0,132363.0,4819.0,10293.0,150322.0,11652.0,594202.0,23541.0,14406.0,91981.0
35384.0,2008920.0,292599.0,19895.0,33437.0,50936.0,,58692.0,448707.0,4593.0,133227.0,4658.0,10312.0,146828.0,11674.0,572473.0,23295.0,13474.0,90730.0
35414.0,2054700.0,305514.0,19600.0,34199.0,51328.0,,61133.0,469079.0,5001.0,137741.0,4627.0,10799.0,143965.0,12225.0,576936.0,22938.0,15099.0,93827.0
35445.0,2080127.0,301992.0,19915.0,32765.0,53471.0,432713.0,60361.0,134821.0,4727.0,148541.0,4297.0,10311.0,144608.0,7096.0,491269.0,24341.0,15274.0,95958.0
35476.0,1897202.0,285923.0,17069.0,29858.0,49142.0,396681.0,55425.0,121713.0,4516.0,135836.0,4255.0,9208.0,134455.0,6337.0,448008.0,21645.0,14645.0,88468.0
35504.0,2094342.0,303621.0,18342.0,33632.0,54712.0,438926.0,60261.0,134833.0,4913.0,151128.0,4754.0,9922.0,147098.0,6828.0,500813.0,23638.0,14785.0,98154.0
35535.0,1984535.0,276753.0,17416.0,32520.0,53181.0,423131.0,58515.0,126882.0,4722.0,145694.0,4650.0,9516.0,136246.0,6549.0,479991.0,20569.0,13775.0,99348.0
35565.0,2032294.0,254173.0,17196.0,32924.0,53216.0,435592.0,61828.0,129539.0,4632.0,149841.0,4847.0,9584.0,142336.0,6596.0,492955.0,22604.0,13929.0,97753.0
35596.0,1943561.0,263530.0,16715.0,32687.0,51520.0,426888.0,60159.0,118560.0,3896.0,138457.0,4666.0,9197.0,138038.0,6330.0,469493.0,21261.0,14086.0,89491.0
35626.0,2011169.0,257063.0,16863.0,34216.0,53741.0,434325.0,58392.0,122768.0,4191.0,145057.0,4696.0,9340.0,144769.0,6428.0,485521.0,23140.0,13801.0,97342.0
35657.0,2013271.0,267980.0,17155.0,34101.0,54767.0,439712.0,62081.0,124649.0,4310.0,147409.0,4810.0,9343.0,147528.0,6430.0,483226.0,22268.0,14247.0,94033.0
35688.0,1979180.0,273595.0,16441.0,33090.0,53540.0,428689.0,49792.0,120825.0,4251.0,142143.0,4755.0,9211.0,150488.0,6339.0,467310.0,23171.0,14133.0,97832.0
35718.0,2056810.0,296925.0,17769.0,34063.0,55061.0,440668.0,53961.0,135874.0,3273.0,147896.0,4850.0,10034.0,145054.0,6905.0,479632.0,24243.0,14612.0,99080.0
35749.0,1999185.0,293241.0,17253.0,33792.0,56446.0,425849.0,54299.0,132006.0,4897.0,134022.0,4765.0,10052.0,135537.0,6918.0,465642.0,23938.0,13666.0,96290.0
35779.0,2043797.0,306153.0,18654.0,34003.0,57927.0,441756.0,53980.0,135532.0,5291.0,131445.0,4949.0,10527.0,137731.0,7245.0,465743.0,24103.0,15315.0,99364.0
35810.0,2103350.0,301837.0,17907.0,34320.0,58198.0,443757.0,53181.0,135584.0,5159.0,142541.0,4935.0,10208.0,158138.0,11560.0,493460.0,22781.0,15960.0,100342.0
35841.0,1890587.0,285739.0,15344.0,29705.0,53709.0,398519.0,48832.0,125182.0,4823.0,130346.0,4344.0,9116.0,129803.0,10323.0,449886.0,22494.0,15303.0,91826.0
35869.0,2097816.0,303437.0,16473.0,33367.0,59644.0,448486.0,53093.0,136311.0,5158.0,145024.0,4683.0,9823.0,140812.0,11123.0,495307.0,24410.0,15449.0,100054.0
35900.0,2009141.0,276571.0,15675.0,31131.0,58382.0,438144.0,51554.0,134472.0,4970.0,139798.0,4694.0,9421.0,138606.0,10668.0,481373.0,24247.0,14393.0,95700.0
35930.0,2053427.0,253993.0,15471.0,33413.0,58778.0,457815.0,54474.0,137603.0,5115.0,143773.0,4952.0,9488.0,147808.0,10744.0,494995.0,26208.0,14554.0,91932.0
35961.0,1988362.0,263368.0,15033.0,32046.0,56504.0,435237.0,53003.0,133592.0,4549.0,132833.0,4768.0,9106.0,138309.0,10311.0,478404.0,25169.0,14718.0,93484.0
35991.0,2017746.0,256916.0,15141.0,34472.0,58585.0,439093.0,51446.0,134688.0,4824.0,139174.0,4900.0,9246.0,137825.0,10470.0,494102.0,25380.0,14420.0,95647.0
36022.0,2037306.0,267793.0,15432.0,34254.0,59309.0,443144.0,54188.0,133875.0,4736.0,141431.0,4976.0,9249.0,140044.0,10474.0,498769.0,26349.0,14886.0,97203.0
36053.0,1883936.0,273401.0,14803.0,33305.0,57691.0,336241.0,43550.0,122499.0,4891.0,136380.0,4750.0,9119.0,137263.0,10327.0,476492.0,23834.0,14767.0,96535.0
36083.0,2029621.0,296751.0,16002.0,34760.0,61637.0,421315.0,47195.0,123298.0,5046.0,141911.0,4943.0,9933.0,135641.0,11248.0,489829.0,26100.0,15268.0,101880.0
36114.0,1972556.0,293056.0,15555.0,33382.0,60275.0,414058.0,47491.0,128045.0,5050.0,128573.0,4814.0,9952.0,136940.0,11269.0,473462.0,25344.0,14280.0,99308.0
36144.0,2024280.0,305985.0,16873.0,33415.0,62098.0,434518.0,47212.0,134286.0,5187.0,126140.0,4855.0,10422.0,128176.0,11801.0,472814.0,24949.0,16003.0,97535.0
36175.0,2065702.0,300298.0,17794.0,37286.0,60952.0,436171.0,52341.0,137715.0,5288.0,143211.0,4644.0,9714.0,136464.0,15497.0,478317.0,24990.0,15606.0,105643.0
36206.0,1873657.0,284328.0,14696.0,32271.0,62515.0,395293.0,43919.0,127263.0,4826.0,129331.0,4132.0,8675.0,122201.0,13839.0,433196.0,22657.0,14964.0,94906.0
36234.0,2064381.0,301925.0,15655.0,36281.0,59758.0,435012.0,47418.0,138223.0,5296.0,142476.0,4478.0,9347.0,134867.0,14912.0,472583.0,24914.0,15107.0,104105.0
36265.0,1959557.0,275211.0,14429.0,33817.0,58182.0,424724.0,46029.0,136238.0,4946.0,139358.0,4510.0,8964.0,125888.0,14301.0,456627.0,23369.0,14075.0,99404.0
36295.0,1975317.0,252760.0,14696.0,36327.0,61727.0,432489.0,46272.0,138504.0,5119.0,138889.0,4554.0,9029.0,127160.0,14403.0,470432.0,23940.0,14232.0,96558.0
36326.0,1937399.0,262059.0,13519.0,34789.0,58777.0,414495.0,46578.0,134742.0,4730.0,139067.0,4548.0,8664.0,127425.0,13823.0,455141.0,23186.0,14392.0,95251.0
36356.0,1982772.0,255626.0,13607.0,37500.0,60440.0,431981.0,46379.0,136010.0,5182.0,141716.0,4816.0,8799.0,133654.0,14037.0,470415.0,22676.0,14101.0,98348.0
36387.0,1986161.0,266489.0,13909.0,37276.0,60904.0,424513.0,46027.0,135563.0,5128.0,144769.0,4857.0,8801.0,144298.0,14041.0,466628.0,22316.0,14556.0,96605.0
36418.0,1936842.0,272074.0,14011.0,36252.0,58837.0,408237.0,44413.0,124225.0,5031.0,138053.0,4670.0,8678.0,131722.0,13844.0,456559.0,21058.0,14440.0,98372.0
36448.0,2017247.0,295266.0,14487.0,37828.0,62162.0,421312.0,45465.0,125085.0,5310.0,144770.0,4845.0,9452.0,140024.0,15079.0,475101.0,22897.0,14930.0,104438.0
36479.0,1982844.0,291605.0,14450.0,36306.0,60879.0,409660.0,44214.0,129555.0,5053.0,141471.0,4741.0,9470.0,136279.0,15107.0,464336.0,22295.0,13964.0,98388.0
36509.0,2040832.0,304440.0,15906.0,36281.0,64804.0,419049.0,45864.0,135790.0,5635.0,130705.0,4840.0,9917.0,134021.0,15821.0,475616.0,22667.0,15649.0,108219.0
36540.0,2055436.0,315154.0,16208.0,36084.0,65691.0,411264.0,49722.0,123121.0,6047.0,146926.0,4815.0,9325.0,140183.0,13306.0,477074.0,22937.0,23420.0,111947.0
36571.0,1908564.0,298493.0,14415.0,31245.0,60729.0,385685.0,41722.0,114912.0,5519.0,139217.0,4339.0,8327.0,125741.0,11882.0,446976.0,21419.0,22456.0,103252.0
36600.0,2075453.0,316937.0,15146.0,35160.0,64998.0,418062.0,45045.0,125909.0,6057.0,148185.0,4522.0,8973.0,140811.0,12803.0,483371.0,22799.0,22670.0,109568.0
36631.0,1957991.0,288934.0,13532.0,33006.0,61643.0,398966.0,43726.0,121745.0,5659.0,138538.0,4520.0,8605.0,132697.0,12279.0,469231.0,22606.0,21121.0,107014.0
36661.0,2001347.0,265398.0,13468.0,35119.0,65743.0,413434.0,43957.0,125549.0,5857.0,145021.0,4805.0,8667.0,136652.0,12367.0,485579.0,23625.0,21357.0,110159.0
36692.0,1964009.0,275096.0,13289.0,33824.0,59775.0,405362.0,44247.0,122373.0,5413.0,139215.0,4598.0,8318.0,136693.0,11868.0,474129.0,23075.0,21598.0,106683.0
36722.0,2017945.0,268314.0,13825.0,36234.0,63142.0,422701.0,44058.0,124581.0,5932.0,143622.0,4802.0,8446.0,138946.0,12052.0,487588.0,23625.0,21161.0,110177.0
36753.0,2038022.0,279806.0,13899.0,36037.0,64940.0,423114.0,43724.0,126663.0,5870.0,141800.0,4652.0,8449.0,139930.0,12055.0,486617.0,23742.0,21844.0,111084.0
36784.0,1987026.0,285676.0,13820.0,35056.0,62891.0,411610.0,42191.0,123359.0,5758.0,141239.0,4630.0,8330.0,132330.0,11886.0,470499.0,23753.0,21670.0,109050.0
36814.0,2097748.0,309932.0,14683.0,36587.0,64226.0,428272.0,43190.0,129791.0,6077.0,145083.0,4831.0,9074.0,145745.0,12947.0,485947.0,24219.0,22404.0,116432.0
36845.0,1999721.0,306123.0,14359.0,35219.0,63620.0,415005.0,42001.0,121829.0,5784.0,139528.0,4497.0,9090.0,119411.0,12971.0,468245.0,23613.0,20955.0,111997.0
36875.0,2070613.0,319531.0,15210.0,35295.0,62814.0,434219.0,43569.0,124697.0,6450.0,145332.0,4778.0,9520.0,123749.0,13584.0,487664.0,25704.0,23483.0,118679.0
36906.0,2096948.0,306284.0,15756.0,35716.0,69592.0,434184.0,45411.0,127093.0,7023.0,145577.0,4795.0,8880.0,133934.0,11607.0,485693.0,25331.0,17014.0,135988.0
36937.0,1910051.0,289865.0,14015.0,30911.0,63167.0,398663.0,38104.0,118448.0,6411.0,133469.0,4267.0,7930.0,122434.0,10366.0,439867.0,23275.0,16313.0,123469.0
36965.0,2116381.0,307842.0,14730.0,34805.0,68499.0,439076.0,41140.0,131935.0,7036.0,146739.0,4831.0,8545.0,138604.0,11169.0,486946.0,26055.0,16469.0,139081.0
36996.0,2028145.0,280553.0,13172.0,32572.0,64677.0,435345.0,39934.0,127616.0,6573.0,142248.0,4827.0,8195.0,136210.0,10711.0,471990.0,25441.0,15344.0,133725.0
37026.0,2070749.0,257620.0,13114.0,34816.0,66433.0,441501.0,40146.0,132447.0,6804.0,145163.0,5077.0,8253.0,145606.0,10788.0,489892.0,25466.0,15515.0,133920.0
37057.0,1993266.0,267186.0,12936.0,33417.0,67164.0,417857.0,40411.0,125951.0,6288.0,135907.0,4626.0,7921.0,135712.0,10353.0,476276.0,24687.0,15690.0,132069.0
37087.0,2041970.0,260665.0,13460.0,35950.0,66719.0,434635.0,40238.0,130298.0,6890.0,144913.0,4947.0,8043.0,136425.0,10514.0,488999.0,25030.0,15373.0,136519.0
37118.0,2056737.0,271625.0,13517.0,35774.0,70828.0,419998.0,39933.0,130054.0,6818.0,147000.0,5044.0,8046.0,138939.0,10517.0,489080.0,25075.0,15869.0,137173.0
37149.0,2009185.0,277306.0,13462.0,34800.0,69324.0,418958.0,38533.0,124175.0,6689.0,140386.0,4759.0,7933.0,133915.0,10369.0,475459.0,24361.0,15742.0,136979.0
37179.0,2097034.0,301072.0,14305.0,36313.0,71979.0,419260.0,39445.0,126409.0,7059.0,145150.0,4849.0,8641.0,137551.0,11294.0,492077.0,25618.0,16276.0,145922.0
37210.0,2006035.0,297295.0,13980.0,34898.0,71281.0,396367.0,38360.0,124609.0,6718.0,141138.0,4936.0,8657.0,121359.0,11315.0,470340.0,25439.0,15223.0,140303.0
37240.0,2074278.0,310466.0,14788.0,34867.0,75715.0,410171.0,39791.0,125638.0,7492.0,144701.0,5029.0,9065.0,134696.0,11850.0,485829.0,25642.0,17060.0,139839.0
37271.0,2057728.0,310698.0,14059.0,34174.0,75985.0,383809.0,39863.0,119784.0,7420.0,143639.0,5000.0,9150.0,135501.0,13997.0,482448.0,25333.0,16869.0,143935.0
37302.0,1858737.0,294068.0,12429.0,29571.0,70753.0,345197.0,35543.0,110272.0,6773.0,130628.0,4513.0,8172.0,118989.0,12500.0,435128.0,23160.0,16174.0,133229.0
37330.0,2061811.0,312299.0,13614.0,33286.0,78835.0,389496.0,39574.0,119986.0,7434.0,143178.0,4937.0,8805.0,132421.0,13469.0,482526.0,25369.0,16328.0,143972.0
37361.0,1978245.0,284625.0,13233.0,31130.0,74312.0,392340.0,38471.0,115859.0,6944.0,135838.0,4870.0,8444.0,132801.0,12917.0,467486.0,24023.0,15213.0,141279.0
37391.0,2027979.0,261368.0,13954.0,33331.0,79287.0,408474.0,39562.0,121162.0,7188.0,141475.0,5169.0,8505.0,135747.0,13010.0,482110.0,24786.0,15382.0,146680.0
37422.0,1969276.0,271056.0,13033.0,31977.0,75819.0,398477.0,38892.0,119114.0,6643.0,132358.0,4878.0,8162.0,126986.0,12485.0,467132.0,23766.0,15556.0,141519.0
37452.0,2036905.0,264432.0,13697.0,34422.0,78466.0,413392.0,39135.0,120274.0,7279.0,140005.0,5040.0,8288.0,134161.0,12679.0,483971.0,24136.0,15241.0,145857.0
37483.0,2018574.0,275574.0,13662.0,34264.0,81160.0,411800.0,38915.0,117100.0,7203.0,138856.0,5132.0,8291.0,133399.0,12682.0,481689.0,24631.0,15734.0,139480.0
37514.0,1922715.0,281340.0,13326.0,33325.0,79250.0,339794.0,36341.0,108883.0,7067.0,135425.0,5536.0,8174.0,136233.0,12504.0,463075.0,23067.0,15608.0,142359.0
37544.0,1976488.0,305426.0,13747.0,34775.0,84897.0,316395.0,37194.0,103964.0,7458.0,140978.0,5097.0,8904.0,136571.0,13620.0,478697.0,25136.0,16137.0,151129.0
37575.0,1979436.0,301604.0,13462.0,33407.0,80191.0,366864.0,35864.0,111570.0,7098.0,135553.0,4849.0,8920.0,128824.0,13645.0,460797.0,24473.0,15093.0,155799.0
37605.0,2053385.0,314949.0,13907.0,33361.0,86704.0,381589.0,36778.0,114494.0,7916.0,137974.0,4957.0,9342.0,129974.0,14290.0,475945.0,25183.0,16914.0,162236.0
37636.0,2056766.0,319684.0,14417.0,32680.0,86914.0,381172.0,36708.0,116475.0,7550.0,134375.0,4821.0,8305.0,126173.0,14177.0,474682.0,24589.0,16645.0,161160.0
37667.0,1880691.0,302602.0,13150.0,29325.0,78600.0,350913.0,32730.0,107306.0,6693.0,123955.0,4305.0,7419.0,115436.0,12661.0,432716.0,22486.0,15959.0,145025.0
37695.0,2104114.0,321353.0,13977.0,32170.0,86212.0,398140.0,36441.0,121045.0,7247.0,141622.0,4757.0,7992.0,135222.0,13642.0,490445.0,24850.0,16112.0,159737.0
37726.0,2007565.0,292889.0,13808.0,30642.0,83280.0,388074.0,35426.0,117071.0,6965.0,133135.0,4502.0,7666.0,135370.0,13083.0,471950.0,23698.0,15011.0,151054.0
37756.0,2016922.0,268967.0,14455.0,32509.0,86321.0,393109.0,36430.0,119967.0,6938.0,138228.0,4688.0,7720.0,129062.0,13177.0,492743.0,24123.0,15178.0,143494.0
37787.0,1970130.0,278917.0,13953.0,31001.0,83389.0,370801.0,35813.0,115378.0,6938.0,130816.0,4776.0,7410.0,131943.0,12646.0,476846.0,23547.0,15350.0,146507.0
37817.0,1991705.0,272093.0,14482.0,31564.0,85782.0,363173.0,36038.0,117376.0,7099.0,137610.0,4918.0,7524.0,129231.0,12841.0,496673.0,23100.0,15039.0,149798.0
37848.0,2033633.0,283583.0,14489.0,30235.0,87498.0,377014.0,35835.0,118298.0,7202.0,137408.0,4927.0,7526.0,136173.0,12845.0,496449.0,23666.0,15525.0,151081.0
37879.0,1976511.0,289519.0,14068.0,29534.0,85862.0,356722.0,33464.0,112239.0,7064.0,134151.0,4965.0,7421.0,120935.0,12665.0,482398.0,23139.0,15401.0,150603.0
37909.0,2057161.0,314278.0,14184.0,29736.0,89121.0,365170.0,34250.0,116426.0,7497.0,138016.0,5009.0,8082.0,134657.0,13795.0,496195.0,23918.0,15923.0,159381.0
37940.0,1977961.0,310354.0,13850.0,29256.0,86075.0,346264.0,33025.0,110067.0,7351.0,132111.0,5044.0,8097.0,130438.0,13821.0,479265.0,23150.0,14893.0,155165.0
37970.0,2045819.0,324067.0,15121.0,29788.0,82239.0,356796.0,33867.0,106482.0,7888.0,134751.0,5174.0,8478.0,133515.0,14474.0,500962.0,24094.0,16690.0,163110.0
38001.0,2062805.0,325581.0,15728.0,30913.0,94099.0,359035.0,34800.0,111364.0,7810.0,138867.0,5154.0,8025.0,139607.0,17486.0,482037.0,23401.0,17486.0,160806.0
38032.0,1920843.0,308161.0,14962.0,27735.0,86243.0,337697.0,31028.0,106101.0,7370.0,128049.0,4688.0,7168.0,130851.0,16766.0,450702.0,22660.0,16766.0,151438.0
38061.0,2076537.0,327264.0,15362.0,30426.0,93106.0,368940.0,34547.0,115588.0,7977.0,137370.0,5076.0,7722.0,134860.0,16926.0,483107.0,24079.0,16926.0,162688.0
38092.0,1995315.0,298266.0,14584.0,28962.0,89387.0,355585.0,33585.0,113393.0,7714.0,133898.0,4709.0,7406.0,137976.0,15770.0,470009.0,23481.0,15770.0,157368.0
38122.0,2001333.0,273897.0,15583.0,30772.0,92458.0,360669.0,34537.0,117347.0,8195.0,136811.0,4588.0,7459.0,135587.0,15946.0,485909.0,24418.0,15946.0,162185.0
38153.0,1965797.0,284045.0,15270.0,29353.0,89521.0,336707.0,33952.0,114024.0,7960.0,131917.0,4427.0,7159.0,138480.0,16126.0,469302.0,23853.0,16126.0,156687.0
38183.0,2019157.0,277103.0,15776.0,29911.0,91552.0,354323.0,34165.0,118372.0,8125.0,141334.0,4601.0,7270.0,140710.0,15799.0,487375.0,23904.0,15799.0,162410.0
38214.0,2016570.0,288784.0,15752.0,28646.0,90088.0,347930.0,33973.0,119691.0,8217.0,141929.0,4693.0,7272.0,136376.0,16310.0,485646.0,23767.0,16310.0,164278.0
38245.0,1909243.0,294827.0,15194.0,27976.0,89762.0,272780.0,31725.0,111228.0,8077.0,137936.0,4787.0,7170.0,144521.0,16180.0,471271.0,24230.0,16180.0,157001.0
38275.0,2009174.0,320061.0,16503.0,28163.0,93001.0,297369.0,32470.0,118631.0,8511.0,141263.0,4913.0,7809.0,139178.0,16728.0,489866.0,25964.0,16728.0,166566.0
38306.0,1969226.0,316057.0,16102.0,27707.0,90494.0,306517.0,31309.0,116124.0,8681.0,136970.0,4821.0,7823.0,140032.0,15646.0,473970.0,24838.0,15646.0,161728.0
38336.0,2023680.0,330038.0,16494.0,28263.0,89912.0,303133.0,32107.0,115431.0,9201.0,138395.0,4876.0,8192.0,137593.0,17534.0,484725.0,25990.0,17534.0,165884.0
38367.0,2035036.0,325519.0,16164.0,31212.0,98007.0,310146.0,33057.0,113614.0,8937.0,143812.0,4708.0,7408.0,138342.0,14940.0,493037.0,25024.0,17878.0,165465.0
38398.0,1870546.0,308059.0,14706.0,28005.0,88255.0,287094.0,29474.0,104459.0,8267.0,128431.0,4327.0,6617.0,127685.0,14325.0,452513.0,23133.0,16780.0,151690.0
38426.0,2080504.0,327167.0,16332.0,30746.0,97165.0,323892.0,32817.0,117362.0,9030.0,139153.0,4928.0,7129.0,145351.0,14462.0,510064.0,25873.0,18192.0,166470.0
38457.0,1979474.0,298161.0,15517.0,29284.0,93600.0,313344.0,31902.0,114686.0,8641.0,137185.0,4661.0,6837.0,136580.0,13474.0,494121.0,25380.0,17191.0,158935.0
38487.0,2010625.0,273786.0,15964.0,31061.0,97568.0,329586.0,32807.0,118551.0,8927.0,141254.0,4739.0,6886.0,140691.0,13624.0,506138.0,26322.0,18484.0,166154.0
38518.0,1972975.0,283958.0,15466.0,29617.0,94283.0,310887.0,32251.0,114275.0,8641.0,134444.0,4588.0,6609.0,135050.0,13778.0,490319.0,25637.0,18118.0,161395.0
38548.0,1984143.0,277031.0,16072.0,30164.0,96496.0,295265.0,32453.0,116505.0,8968.0,140540.0,4619.0,6711.0,134156.0,13499.0,511900.0,25853.0,18424.0,168517.0
38579.0,1988105.0,288670.0,16237.0,28890.0,97654.0,277113.0,32271.0,112148.0,9157.0,141018.0,4697.0,6713.0,141103.0,13935.0,517106.0,25837.0,19884.0,171957.0
38610.0,1766603.0,294707.0,15437.0,28216.0,95365.0,139762.0,30136.0,87392.0,9096.0,136983.0,4515.0,6619.0,130351.0,13824.0,480599.0,26204.0,18476.0,167713.0
38640.0,1871190.0,319974.0,16574.0,28417.0,99023.0,134985.0,30843.0,96089.0,9606.0,143240.0,4771.0,7209.0,137950.0,14292.0,519193.0,27767.0,18918.0,173643.0
38671.0,1901758.0,315956.0,16058.0,27966.0,95741.0,195597.0,29741.0,104307.0,9552.0,135427.0,4634.0,7222.0,136648.0,13368.0,508396.0,27147.0,18963.0,175498.0
38701.0,1995862.0,329961.0,16248.0,28466.0,90827.0,233147.0,30499.0,110526.0,9732.0,135363.0,4717.0,7562.0,135403.0,14981.0,523453.0,27816.0,19801.0,176388.0
38732.0,1975168.0,286557.0,18600.0,30952.0,103662.0,245725.0,32513.0,113127.0,9830.0,136587.0,4909.0,7655.0,136766.0,15601.0,527796.0,28479.0,18236.0,174333.0
38763.0,1794241.0,271070.0,16996.0,27785.0,93997.0,214905.0,28989.0,103239.0,8773.0,123708.0,4331.0,6839.0,124368.0,14958.0,474652.0,26069.0,17116.0,157822.0
38791.0,1994464.0,287919.0,19815.0,30563.0,103540.0,240816.0,32277.0,117030.0,9725.0,138270.0,4969.0,7367.0,138621.0,15101.0,531371.0,29184.0,18556.0,175631.0
38822.0,1908987.0,262346.0,19623.0,29017.0,99408.0,239564.0,31378.0,113145.0,9220.0,131803.0,4946.0,7066.0,136890.0,14070.0,516597.0,28351.0,17535.0,168403.0
38852.0,1956520.0,240858.0,21106.0,30644.0,103078.0,257004.0,32267.0,118471.0,9555.0,137327.0,5178.0,7117.0,141567.0,14226.0,536217.0,29536.0,18853.0,170336.0
38883.0,1938796.0,249885.0,21531.0,29272.0,99375.0,248874.0,31721.0,115738.0,9096.0,133693.0,5077.0,6831.0,142795.0,14387.0,517015.0,28683.0,18480.0,169672.0
38913.0,1975235.0,243823.0,22697.0,29833.0,102279.0,257355.0,31919.0,117446.0,9503.0,138349.0,5281.0,6936.0,145708.0,14096.0,535468.0,29379.0,18792.0,180522.0
38944.0,1989430.0,253961.0,24011.0,28649.0,104063.0,251758.0,31740.0,117321.0,9579.0,138431.0,5393.0,6938.0,144574.0,14551.0,538636.0,30589.0,20282.0,177627.0
38975.0,1946109.0,259264.0,24250.0,28026.0,99856.0,239748.0,29640.0,114310.0,9276.0,135143.0,5470.0,6841.0,141651.0,14435.0,527240.0,30314.0,18845.0,169750.0
39005.0,2025782.0,281606.0,26530.0,28420.0,104779.0,243308.0,30336.0,117757.0,9669.0,138675.0,5780.0,7449.0,147171.0,14924.0,544147.0,31712.0,19296.0,187948.0
39036.0,1974331.0,278030.0,26979.0,27800.0,101083.0,236828.0,29251.0,113584.0,9603.0,133419.0,5561.0,7463.0,141960.0,13959.0,529244.0,31386.0,19342.0,184910.0
39066.0,2055955.0,290431.0,28606.0,28178.0,99275.0,238246.0,29997.0,117068.0,10208.0,134122.0,5891.0,7814.0,146915.0,15643.0,548050.0,32638.0,20197.0,194811.0
39097.0,2042882.0,310601.0,18480.0,30113.0,104697.0,236459.0,32061.0,115248.0,10239.0,130232.0,5793.0,7813.0,143652.0,16162.0,544531.0,30916.0,19128.0,192064.0
39128.0,1878003.0,294268.0,16898.0,27029.0,94018.0,215086.0,28586.0,102823.0,9202.0,119013.0,5272.0,6980.0,135801.0,15496.0,505229.0,29404.0,17223.0,169132.0
39156.0,2094555.0,312427.0,19708.0,29707.0,105291.0,239968.0,31829.0,116240.0,10053.0,132893.0,5743.0,7519.0,155580.0,15644.0,573789.0,33885.0,18887.0,190607.0
39187.0,1994942.0,284857.0,19519.0,28270.0,104247.0,233583.0,30941.0,113812.0,9597.0,128187.0,5679.0,7212.0,143347.0,14575.0,556461.0,32948.0,18577.0,182796.0
39217.0,2066642.0,261684.0,21065.0,29860.0,107323.0,243577.0,31819.0,119834.0,10158.0,134704.0,5915.0,7263.0,154356.0,14738.0,582952.0,34917.0,19393.0,187427.0
39248.0,2019862.0,271187.0,21501.0,28500.0,104550.0,230158.0,31280.0,116256.0,9900.0,130244.0,5813.0,6971.0,147494.0,14904.0,572406.0,32497.0,18926.0,182543.0
39278.0,2053286.0,264475.0,22656.0,29012.0,107792.0,232203.0,31476.0,119947.0,10070.0,134006.0,6080.0,7079.0,151953.0,14603.0,592865.0,33816.0,19676.0,188928.0
39309.0,2076235.0,275882.0,23986.0,27834.0,105171.0,229259.0,31299.0,116535.0,10275.0,130726.0,6310.0,7081.0,152632.0,15074.0,602354.0,34031.0,19490.0,191549.0
39340.0,2040241.0,281678.0,24311.0,27208.0,108523.0,222287.0,29228.0,113524.0,10043.0,130876.0,6062.0,6982.0,146768.0,14954.0,586933.0,29516.0,19858.0,185282.0
39370.0,2122193.0,305507.0,26687.0,27512.0,107143.0,239307.0,29914.0,117465.0,10347.0,132805.0,6285.0,7603.0,153292.0,15461.0,612401.0,27891.0,19471.0,187463.0
39401.0,2098602.0,301783.0,26984.0,26979.0,106292.0,233331.0,28845.0,113552.0,10195.0,127857.0,6195.0,7617.0,147270.0,14460.0,602629.0,31701.0,20197.0,195369.0
39431.0,2176213.0,314942.0,28621.0,27366.0,99483.0,257979.0,29581.0,117592.0,10496.0,123906.0,5650.0,7976.0,151537.0,16205.0,628308.0,33839.0,20359.0,204723.0
39462.0,2155041.0,304829.0,29127.0,29542.0,114928.0,242267.0,31513.0,117716.0,10347.0,118409.0,6468.0,7525.0,155550.0,17582.0,627482.0,33860.0,20532.0,200553.0
39493.0,2043801.0,288924.0,29137.0,26515.0,105694.0,229553.0,29798.0,109944.0,9576.0,114795.0,6012.0,6723.0,149163.0,16858.0,597775.0,32759.0,19590.0,186632.0
39522.0,2204088.0,306717.0,33029.0,29147.0,114051.0,240471.0,31987.0,118418.0,10290.0,127968.0,6659.0,7242.0,157287.0,17019.0,648430.0,35603.0,20545.0,208374.0
39553.0,2112605.0,279700.0,33110.0,27741.0,116999.0,210306.0,30733.0,115563.0,9922.0,124722.0,6635.0,6947.0,156231.0,15856.0,631977.0,35552.0,19860.0,203024.0
39583.0,2153316.0,256989.0,35399.0,29309.0,114903.0,209626.0,30356.0,121942.0,10130.0,129281.0,7192.0,6996.0,161657.0,16033.0,663122.0,37061.0,20394.0,209903.0
39614.0,2118791.0,266239.0,35871.0,27969.0,107291.0,220165.0,30722.0,119677.0,9685.0,119265.0,7303.0,6715.0,157235.0,16214.0,643388.0,35952.0,20092.0,205171.0
39644.0,2205260.0,259613.0,38935.0,28475.0,118841.0,231494.0,32049.0,124245.0,10058.0,129551.0,7529.0,6819.0,162948.0,15886.0,667954.0,37209.0,20886.0,215127.0
39675.0,2193566.0,270923.0,40692.0,27312.0,125735.0,212921.0,32027.0,120788.0,10150.0,126863.0,7718.0,6821.0,151791.0,16399.0,675080.0,39587.0,21025.0,211892.0
39706.0,1919520.0,276623.0,39472.0,26694.0,121460.0,62990.0,30949.0,88802.0,9899.0,122067.0,7798.0,6726.0,156729.0,16268.0,613057.0,38268.0,19722.0,193415.0
39736.0,2153389.0,299905.0,42630.0,26983.0,119659.0,135398.0,31805.0,115261.0,10215.0,129203.0,8276.0,7323.0,158912.0,16819.0,680384.0,38465.0,21450.0,214192.0
39767.0,2149851.0,296291.0,42648.0,26474.0,119334.0,158925.0,32746.0,117492.0,9768.0,122342.0,8082.0,7337.0,154350.0,15731.0,666544.0,38259.0,20426.0,213791.0
39797.0,2227028.0,309129.0,47033.0,26857.0,123949.0,175838.0,30629.0,117875.0,9361.0,122657.0,7516.0,7682.0,164858.0,17629.0,685464.0,39023.0,20360.0,226193.0
39828.0,2251938.0,295518.0,49758.0,27163.0,134235.0,196895.0,31267.0,118703.0,9424.0,123015.0,7481.0,7876.0,164993.0,24283.0,688552.0,39458.0,21061.0,219076.0
39859.0,2074167.0,280183.0,45544.0,24379.0,121877.0,185793.0,28499.0,109909.0,8711.0,113770.0,6809.0,7038.0,152117.0,23283.0,616709.0,36094.0,19451.0,202162.0
39887.0,2262488.0,297412.0,52045.0,26796.0,133241.0,208497.0,30800.0,122170.0,9457.0,124573.0,7582.0,7581.0,163122.0,23505.0,682231.0,40307.0,22066.0,221172.0
39918.0,2147856.0,271249.0,53214.0,25488.0,127142.0,196512.0,29522.0,121029.0,9046.0,119366.0,7512.0,7272.0,156212.0,21899.0,648991.0,38348.0,21730.0,210834.0
39948.0,2190437.0,249253.0,56291.0,26953.0,131557.0,204774.0,30807.0,127683.0,9199.0,122767.0,7662.0,7324.0,165061.0,22143.0,660419.0,38887.0,22662.0,215655.0
39979.0,2140519.0,258168.0,56324.0,25717.0,124461.0,212642.0,29285.0,124019.0,8761.0,115705.0,7472.0,7030.0,159940.0,22393.0,631752.0,36531.0,22059.0,210893.0
40009.0,2170032.0,251719.0,57001.0,26195.0,128575.0,225441.0,29507.0,130835.0,8857.0,119758.0,7989.0,7138.0,164072.0,21940.0,643938.0,37947.0,22735.0,199831.0
40040.0,2192597.0,262761.0,63456.0,25123.0,127229.0,212595.0,30547.0,135833.0,8723.0,121749.0,8144.0,7140.0,162459.0,22649.0,641865.0,37879.0,22959.0,209135.0
40071.0,2089220.0,268296.0,47134.0,24557.0,120960.0,201837.0,29170.0,133433.0,8356.0,114531.0,7789.0,7041.0,152265.0,22468.0,609103.0,35349.0,22536.0,193832.0
40101.0,2197157.0,290795.0,62862.0,24816.0,123544.0,208583.0,29535.0,143081.0,8521.0,121329.0,7911.0,7665.0,156712.0,23230.0,619859.0,37047.0,23046.0,217322.0
40132.0,2144157.0,287319.0,66510.0,24356.0,120737.0,191303.0,28530.0,144016.0,8054.0,115961.0,8016.0,7679.0,152003.0,21727.0,596585.0,36077.0,22253.0,217666.0
40162.0,2196325.0,299712.0,70474.0,24719.0,118095.0,199232.0,27924.0,147928.0,8142.0,112698.0,8122.0,8040.0,152600.0,24348.0,613644.0,35586.0,21878.0,218757.0
40193.0,2210163.0,291072.0,70156.0,28350.0,131228.0,203379.0,28002.0,152826.0,8219.0,112544.0,7814.0,6926.0,152372.0,22711.0,624461.0,35525.0,21761.0,219280.0
40224.0,2047815.0,275764.0,64254.0,25444.0,121796.0,188967.0,25838.0,145398.0,7382.0,102194.0,7615.0,6191.0,139331.0,20513.0,573500.0,32728.0,19902.0,198572.0
40252.0,2276546.0,308943.0,72554.0,27936.0,133135.0,210438.0,28241.0,166938.0,8275.0,112529.0,8641.0,6667.0,155158.0,22711.0,646044.0,36825.0,21939.0,220397.0
40283.0,2190270.0,273205.0,73514.0,26497.0,126586.0,195203.0,27206.0,167559.0,7949.0,110630.0,8474.0,6396.0,151714.0,38523.0,616784.0,36700.0,21408.0,212610.0
40313.0,2236507.0,248272.0,76587.0,28095.0,133483.0,193933.0,25184.0,177864.0,8016.0,114795.0,9357.0,6441.0,156961.0,39808.0,647486.0,38268.0,22221.0,215448.0
40344.0,2138770.0,229973.0,75514.0,26837.0,130122.0,179643.0,27060.0,182004.0,7740.0,107060.0,9163.0,6184.0,152018.0,38523.0,617943.0,36489.0,21823.0,199289.0
40374.0,2208753.0,205881.0,80044.0,27384.0,135138.0,180332.0,27157.0,194705.0,7925.0,115411.0,10035.0,6279.0,156006.0,55148.0,641064.0,37133.0,22609.0,210313.0
40405.0,2235038.0,204385.0,82458.0,26275.0,140198.0,191112.0,28019.0,198850.0,7788.0,115470.0,10246.0,6280.0,154497.0,55148.0,644854.0,37199.0,22617.0,214179.0
40436.0,2238147.0,264277.0,80571.0,25699.0,138014.0,178304.0,26713.0,198646.0,7530.0,111410.0,10290.0,6193.0,150106.0,53369.0,629495.0,35997.0,22145.0,203575.0
40466.0,2356947.0,292695.0,83883.0,25997.0,140351.0,184571.0,27878.0,202789.0,7710.0,112753.0,10791.0,6741.0,155341.0,76303.0,650192.0,37426.0,23288.0,209124.0
40497.0,2276710.0,286007.0,81485.0,25459.0,124833.0,171709.0,26836.0,206009.0,7424.0,110813.0,10798.0,6754.0,148782.0,73842.0,639682.0,35367.0,22618.0,204627.0
40527.0,2400418.0,316628.0,86459.0,25920.0,134782.0,181553.0,27456.0,224695.0,7307.0,115865.0,10643.0,7070.0,155041.0,76303.0,662192.0,37228.0,22843.0,207243.0
40558.0,2299298.0,237565.0,81447.0,24738.0,134247.0,180251.0,27048.0,225461.0,7089.0,104641.0,10533.0,6993.0,154940.0,84273.0,654508.0,36033.0,27393.0,202755.0
40589.0,2104330.0,273308.0,74595.0,22850.0,124399.0,153482.0,23454.0,209428.0,6255.0,91915.0,9580.0,6248.0,134729.0,76117.0,566060.0,33745.0,26177.0,180179.0
40617.0,2410884.0,303814.0,84231.0,24492.0,133924.0,169831.0,26834.0,247332.0,6855.0,112997.0,11152.0,6730.0,156113.0,84273.0,671291.0,38358.0,30256.0,201634.0
40648.0,2349720.0,285567.0,85346.0,23872.0,130340.0,162198.0,26185.0,243437.0,6631.0,107374.0,10775.0,6456.0,153290.0,95355.0,649803.0,38076.0,30468.0,196715.0
40678.0,2410866.0,269313.0,88913.0,24056.0,140289.0,164039.0,26731.0,256630.0,6804.0,111358.0,11298.0,6502.0,157702.0,98533.0,681055.0,39978.0,31924.0,199135.0
40709.0,2312943.0,248460.0,92641.0,23282.0,132825.0,150882.0,25764.0,244891.0,6503.0,106751.0,11912.0,6240.0,155906.0,95355.0,650315.0,38606.0,32349.0,195465.0
40739.0,2340293.0,187004.0,87954.0,23462.0,139119.0,148861.0,26192.0,258677.0,6747.0,111354.0,13454.0,6337.0,160759.0,114248.0,674134.0,40104.0,35183.0,204154.0
40770.0,2370440.0,210589.0,95730.0,23174.0,144717.0,151602.0,26350.0,267757.0,6722.0,111549.0,14457.0,6339.0,162650.0,114248.0,675452.0,40239.0,34666.0,186588.0
40801.0,2358169.0,261782.0,93540.0,22032.0,137326.0,124788.0,25506.0,263916.0,6741.0,107705.0,14745.0,6250.0,160192.0,110562.0,662813.0,38589.0,36341.0,193202.0
40831.0,2502387.0,273553.0,97384.0,22144.0,146801.0,143082.0,25981.0,275177.0,6543.0,109980.0,15973.0,6806.0,165386.0,147462.0,688418.0,39893.0,36585.0,206903.0
40862.0,2475947.0,302617.0,94600.0,22327.0,140137.0,138426.0,24980.0,271659.0,6231.0,105181.0,16030.0,6818.0,160659.0,142705.0,671278.0,38777.0,35143.0,204650.0
40892.0,2543747.0,309351.0,100375.0,22703.0,145182.0,143471.0,24927.0,276158.0,6385.0,106877.0,17115.0,7139.0,166546.0,147462.0,689562.0,39108.0,37641.0,203921.0
40923.0,2571350.0,318136.0,95833.0,21234.0,157369.0,141312.0,25015.0,266018.0,6258.0,110077.0,17725.0,7156.0,166091.0,170613.0,681421.0,39935.0,41446.0,204812.0
40954.0,2360061.0,289432.0,85648.0,20222.0,134322.0,130558.0,23351.0,236070.0,5872.0,103046.0,17013.0,6694.0,154129.0,159605.0,634810.0,38809.0,39295.0,185900.0
40983.0,2524260.0,308116.0,95824.0,19306.0,146938.0,142800.0,25146.0,251175.0,6129.0,108910.0,19214.0,7156.0,164445.0,170613.0,678951.0,41576.0,40921.0,199131.0
41014.0,2417498.0,273796.0,93751.0,19900.0,140560.0,133745.0,24273.0,239808.0,5838.0,104389.0,19226.0,6925.0,162917.0,165109.0,664799.0,40163.0,40445.0,188455.0
41044.0,2490707.0,281220.0,95914.0,21417.0,146598.0,130695.0,25236.0,250093.0,5706.0,107907.0,21030.0,7156.0,171409.0,170613.0,686978.0,41799.0,44374.0,191890.0
41075.0,2376776.0,251530.0,92918.0,20141.0,137870.0,118012.0,24570.0,249264.0,4996.0,102219.0,21016.0,6925.0,164217.0,165109.0,663706.0,40899.0,42914.0,184069.0
41105.0,2465064.0,205735.0,95758.0,20776.0,143115.0,128147.0,25172.0,259293.0,5336.0,108560.0,22304.0,7156.0,171740.0,211446.0,693764.0,42466.0,43972.0,186352.0
41136.0,2373954.0,124711.0,98362.0,21307.0,141487.0,110373.0,25046.0,254498.0,5451.0,108130.0,23614.0,7156.0,174192.0,211446.0,700065.0,41947.0,47203.0,184769.0
41167.0,2410375.0,229966.0,96053.0,19982.0,138354.0,111143.0,24212.0,242246.0,5364.0,103783.0,23913.0,6925.0,169110.0,204625.0,677522.0,41247.0,46122.0,177719.0
41197.0,2557140.0,289581.0,99575.0,21852.0,144601.0,127214.0,25160.0,246800.0,5387.0,110757.0,24752.0,7156.0,175885.0,211446.0,698080.0,42618.0,51276.0,178047.0
41228.0,2471365.0,288120.0,97043.0,19642.0,137882.0,125639.0,24366.0,229323.0,5271.0,104643.0,23445.0,6925.0,173271.0,204625.0,673854.0,39526.0,50463.0,174828.0
41258.0,2523763.0,304448.0,99491.0,21044.0,140280.0,128238.0,24753.0,230850.0,5346.0,103875.0,25315.0,7156.0,176055.0,211446.0,689560.0,39408.0,51430.0,169651.0
41289.0,2512031.0,305219.0,97739.0,20941.0,139303.0,124362.0,24485.0,229619.0,5276.0,97173.0,24554.0,8455.0,168513.0,254726.0,685282.0,38074.0,50931.0,177152.0
41320.0,2269907.0,269062.0,86529.0,19402.0,126395.0,109780.0,21961.0,205065.0,4770.0,94179.0,23370.0,7636.0,145408.0,230075.0,627497.0,36251.0,45953.0,162432.0
41348.0,2504000.0,293657.0,95219.0,21566.0,138727.0,118101.0,24403.0,219495.0,5316.0,105766.0,26236.0,8455.0,161589.0,254726.0,699110.0,40214.0,53069.0,180308.0
41379.0,2446307.0,282015.0,92948.0,21079.0,134949.0,115853.0,23855.0,206884.0,5168.0,105367.0,25836.0,10383.0,168221.0,246509.0,681475.0,39590.0,53998.0,175392.0
41409.0,2488677.0,261025.0,96878.0,21451.0,137568.0,114477.0,24750.0,211107.0,5384.0,106957.0,27899.0,10729.0,171323.0,254726.0,710595.0,40346.0,61005.0,173487.0
41440.0,2385386.0,234298.0,93664.0,20914.0,129725.0,104271.0,23854.0,199884.0,5465.0,104508.0,28004.0,10383.0,162331.0,246509.0,690189.0,38847.0,63756.0,172383.0
41470.0,2512441.0,241910.0,96471.0,21727.0,136315.0,110013.0,24912.0,201351.0,5536.0,108535.0,30134.0,16929.0,169096.0,298505.0,713513.0,40281.0,66696.0,172513.0
41501.0,2495089.0,231276.0,97267.0,21793.0,136172.0,104060.0,26791.0,192448.0,5446.0,109350.0,31247.0,16929.0,169475.0,298505.0,714752.0,40917.0,69028.0,171412.0
41532.0,2414405.0,247528.0,93665.0,21009.0,124027.0,108728.0,24429.0,177087.0,5228.0,103623.0,31972.0,16383.0,164524.0,288876.0,690301.0,39732.0,66489.0,155031.0
41562.0,2513172.0,261350.0,98343.0,21095.0,138280.0,102124.0,25298.0,175836.0,5527.0,109097.0,33242.0,20128.0,170165.0,298505.0,713550.0,40521.0,67929.0,174006.0
41593.0,2455169.0,280048.0,95147.0,20459.0,134090.0,108102.0,23842.0,170909.0,5159.0,101117.0,32558.0,19479.0,161583.0,288876.0,680447.0,38561.0,70659.0,168000.0
41623.0,2525967.0,307970.0,95784.0,20874.0,129308.0,106827.0,23888.0,177258.0,4969.0,101722.0,30737.0,20128.0,181525.0,298505.0,692762.0,37531.0,72342.0,165639.0
41654.0,2580019.0,306344.0,94869.0,21579.0,135607.0,102309.0,23815.0,174225.0,5075.0,104379.0,31460.0,28245.0,169541.0,348235.0,696202.0,38856.0,73914.0,171228.0
41685.0,2356978.0,270272.0,86784.0,19426.0,122421.0,95596.0,20985.0,157443.0,4542.0,95316.0,29785.0,25512.0,172102.0,314535.0,630948.0,35555.0,71648.0,154960.0
41713.0,2623914.0,298987.0,96520.0,20663.0,138073.0,105440.0,23774.0,173509.0,5045.0,107588.0,33785.0,28245.0,181183.0,348235.0,714833.0,39594.0,82080.0,172228.0
41744.0,2583873.0,277210.0,93375.0,20004.0,135652.0,106362.0,23366.0,165060.0,4922.0,104517.0,34177.0,34153.0,210833.0,337002.0,706789.0,38591.0,79244.0,162724.0
41774.0,2633253.0,262449.0,96739.0,20559.0,140897.0,111475.0,24361.0,172182.0,5100.0,105505.0,37055.0,35291.0,189050.0,348235.0,737479.0,39495.0,84312.0,168442.0
41805.0,2560033.0,252462.0,92022.0,19139.0,134887.0,107406.0,23521.0,166782.0,4972.0,104200.0,37621.0,34153.0,189852.0,337002.0,718128.0,38276.0,83597.0,164161.0
41835.0,2629156.0,195169.0,95474.0,19704.0,137404.0,109951.0,24540.0,165132.0,5051.0,108509.0,40126.0,49449.0,205705.0,374771.0,744321.0,39069.0,92609.0,168593.0
41866.0,2644937.0,190335.0,94382.0,19778.0,142911.0,110811.0,24747.0,161519.0,5010.0,109888.0,41826.0,49449.0,216406.0,374771.0,750316.0,38583.0,95588.0,164792.0
41897.0,2625503.0,259855.0,92090.0,18945.0,135489.0,106522.0,24182.0,160478.0,4772.0,104213.0,42687.0,47854.0,195150.0,362682.0,719501.0,36758.0,96856.0,165309.0
41927.0,2735719.0,271472.0,94412.0,19834.0,142845.0,110725.0,25030.0,162334.0,4917.0,107653.0,44551.0,60659.0,202957.0,374771.0,749286.0,37217.0,101552.0,171773.0
41958.0,2661917.0,282350.0,92488.0,19365.0,136375.0,101778.0,23923.0,158040.0,4641.0,105856.0,43146.0,58702.0,196620.0,362682.0,726287.0,35868.0,98013.0,164726.0
41988.0,2770080.0,301640.0,93578.0,19993.0,140925.0,107362.0,24236.0,151915.0,5112.0,108754.0,46996.0,60659.0,201686.0,374771.0,765097.0,36681.0,107701.0,169569.0
42019.0,2790052.0,291928.0,90125.0,21912.0,140869.0,107681.0,27172.0,153547.0,5016.0,103336.0,45741.0,67682.0,206817.0,408019.0,741599.0,37062.0,110271.0,178061.0
42050.0,2520509.0,254488.0,78244.0,20022.0,129576.0,95373.0,24407.0,141691.0,4577.0,97979.0,41448.0,61132.0,186741.0,370836.0,681889.0,33962.0,99105.0,151128.0
42078.0,2827524.0,299987.0,88895.0,21299.0,143078.0,96915.0,26629.0,157397.0,5016.0,110018.0,47329.0,67682.0,216067.0,413155.0,758560.0,39205.0,113858.0,170497.0
42109.0,2758730.0,284701.0,87268.0,20597.0,138665.0,108387.0,23219.0,153429.0,4865.0,107823.0,46025.0,77407.0,209983.0,392752.0,737351.0,37609.0,111323.0,167277.0
42139.0,2790849.0,261374.0,89391.0,21197.0,141803.0,112773.0,23808.0,157008.0,5022.0,112030.0,50375.0,79988.0,214639.0,391332.0,754727.0,38022.0,118474.0,167304.0
42170.0,2660158.0,223007.0,84124.0,19568.0,138658.0,106744.0,22962.0,145892.0,4819.0,107761.0,49649.0,77407.0,211079.0,376856.0,728514.0,36200.0,111890.0,164163.0
42200.0,2756222.0,221334.0,85281.0,19225.0,141637.0,118085.0,23434.0,152212.0,5037.0,109801.0,51399.0,87799.0,217883.0,401777.0,754259.0,36152.0,111602.0,167442.0
42231.0,2744748.0,204070.0,83696.0,19466.0,145033.0,120511.0,23490.0,151668.0,4883.0,113047.0,50978.0,87799.0,213529.0,409771.0,749458.0,32688.0,114734.0,168011.0
42262.0,2721449.0,261160.0,81253.0,18394.0,138475.0,117390.0,22510.0,150117.0,4711.0,110716.0,48122.0,84966.0,204298.0,398110.0,725565.0,30658.0,111675.0,163194.0
42292.0,2806078.0,279437.0,82974.0,18535.0,146290.0,112082.0,23066.0,151997.0,4914.0,113223.0,51373.0,106279.0,209342.0,407234.0,739568.0,31148.0,108349.0,168674.0
42323.0,2726220.0,289760.0,78977.0,18003.0,141028.0,102391.0,21731.0,146069.0,4677.0,108782.0,50340.0,102851.0,201517.0,409344.0,709572.0,30470.0,97462.0,163878.0
42353.0,2812110.0,304055.0,80153.0,18431.0,143621.0,109310.0,21757.0,152205.0,4703.0,102277.0,51854.0,106279.0,207703.0,433795.0,718403.0,33843.0,106504.0,166291.0
42384.0,2823104.0,298815.0,77592.0,18222.0,144485.0,106127.0,21498.0,154113.0,4611.0,99998.0,50905.0,116293.0,214000.0,442434.0,709938.0,33692.0,116943.0,163388.0
42415.0,2653842.0,273298.0,71658.0,16831.0,133847.0,98287.0,20005.0,146013.0,4307.0,98407.0,49040.0,108791.0,201258.0,426244.0,666642.0,30756.0,109571.0,151068.0
42444.0,2824983.0,295235.0,74247.0,17699.0,142980.0,108380.0,21399.0,153587.0,4587.0,109588.0,53093.0,116293.0,214561.0,444309.0,708832.0,32961.0,113695.0,164016.0
42475.0,2678610.0,246130.0,70504.0,16358.0,139228.0,98939.0,20338.0,154360.0,4416.0,106101.0,48915.0,114315.0,203524.0,426424.0,681793.0,31448.0,112470.0,155715.0
42505.0,2767844.0,269206.0,71555.0,18102.0,143542.0,107850.0,20897.0,151643.0,4508.0,108921.0,51010.0,118125.0,211836.0,439310.0,701679.0,31673.0,116018.0,153550.0
42536.0,2628164.0,233815.0,67073.0,16791.0,135945.0,95158.0,20067.0,140782.0,4268.0,105475.0,49945.0,114315.0,202081.0,431137.0,678190.0,29730.0,104660.0,152538.0
42566.0,2721210.0,239442.0,68009.0,17456.0,139649.0,101199.0,20594.0,157148.0,4375.0,109500.0,52657.0,125833.0,210617.0,440575.0,693378.0,30376.0,119034.0,143881.0
42597.0,2722631.0,250381.0,66959.0,17328.0,142233.0,103424.0,20344.0,145060.0,4129.0,111476.0,50847.0,125833.0,211218.0,439910.0,688855.0,30330.0,121035.0,145537.0
42628.0,2626213.0,249275.0,63989.0,16728.0,136568.0,95284.0,20854.0,145726.0,4166.0,108062.0,48416.0,121774.0,202202.0,414330.0,656230.0,28875.0,115466.0,151851.0
42658.0,2720187.0,271920.0,65709.0,16891.0,145443.0,102131.0,19989.0,151308.0,4341.0,110173.0,53354.0,126599.0,206225.0,417455.0,675365.0,29216.0,117061.0,160094.0
42689.0,2678247.0,294151.0,62826.0,16194.0,140988.0,99339.0,18898.0,143001.0,4264.0,107020.0,52901.0,122515.0,195366.0,431708.0,645281.0,27880.0,116843.0,152711.0
42719.0,2746543.0,308524.0,63075.0,16424.0,143468.0,104539.0,19911.0,150664.0,4175.0,107945.0,47767.0,126599.0,195424.0,456371.0,650116.0,28332.0,121664.0,154274.0
42750.0,2748684.0,301493.0,61608.0,16691.0,142790.0,102987.0,19044.0,162990.0,4135.0,105653.0,48477.0,132135.0,193927.0,460918.0,648850.0,27703.0,123989.0,148233.0
42781.0,2504926.0,275044.0,55911.0,15634.0,128838.0,90210.0,17280.0,141567.0,3777.0,97589.0,48102.0,119348.0,179163.0,415355.0,600163.0,25039.0,112378.0,136489.0
42809.0,2811662.0,308111.0,61608.0,17688.0,142161.0,103119.0,19077.0,177967.0,4168.0,110479.0,53891.0,132135.0,207995.0,460321.0,659935.0,27541.0,126645.0,152801.0
42840.0,2703018.0,286963.0,59905.0,17281.0,136409.0,92253.0,18063.0,155363.0,4087.0,107283.0,55188.0,132359.0,203362.0,447576.0,645039.0,26632.0,121705.0,148606.0
42870.0,2787032.0,286678.0,61319.0,17796.0,138439.0,96498.0,18451.0,162999.0,4235.0,113939.0,57606.0,136771.0,207889.0,458392.0,673537.0,27553.0,131952.0,147115.0
42901.0,2693285.0,248829.0,59366.0,17229.0,134382.0,88406.0,18281.0,168309.0,4126.0,108071.0,55673.0,132359.0,203690.0,443483.0,661942.0,26320.0,130111.0,148655.0
42931.0,2763649.0,205707.0,60612.0,19987.0,140105.0,95280.0,18854.0,167283.0,4247.0,112631.0,58915.0,159314.0,213003.0,457004.0,692994.0,26480.0,136091.0,151986.0
42962.0,2780821.0,221579.0,59937.0,17558.0,143311.0,90190.0,18600.0,183079.0,4277.0,111163.0,60597.0,159314.0,218247.0,450180.0,675036.0,26376.0,143578.0,153381.0
42993.0,2767345.0,255362.0,56568.0,17145.0,140164.0,85952.0,17969.0,189429.0,4054.0,111084.0,58407.0,154174.0,211644.0,443450.0,664234.0,25376.0,139445.0,149107.0
43023.0,2906765.0,283192.0,58056.0,18316.0,147258.0,78293.0,16696.0,212769.0,4155.0,117049.0,64060.0,173541.0,226421.0,447617.0,690921.0,25908.0,144282.0,154561.0
43054.0,2884127.0,282589.0,55511.0,16767.0,142452.0,79262.0,16056.0,207876.0,3970.0,109644.0,62980.0,167942.0,220016.0,473760.0,680803.0,24692.0,142990.0,153924.0
43084.0,3006062.0,295221.0,56890.0,17235.0,151359.0,75679.0,16108.0,217981.0,3989.0,120322.0,64709.0,173541.0,228540.0,505832.0,702282.0,25114.0,147884.0,159824.0
43115.0,2959321.0,296763.0,51757.0,16821.0,151072.0,78466.0,17495.0,211270.0,3927.0,113537.0,64221.0,183232.0,227286.0,500205.0,682935.0,25601.0,141628.0,150657.0
43146.0,2723563.0,268604.0,46612.0,15370.0,136802.0,73749.0,15831.0,200831.0,3478.0,106157.0,58668.0,171082.0,210361.0,461491.0,627460.0,23088.0,130261.0,134640.0
43174.0,3048056.0,295802.0,51018.0,16903.0,151348.0,82685.0,17607.0,230892.0,3783.0,123241.0,65547.0,190999.0,240653.0,504670.0,705295.0,26087.0,146465.0,150489.0
43205.0,2959887.0,282720.0,51363.0,16313.0,148397.0,74284.0,17079.0,224143.0,3738.0,121113.0,67360.0,184005.0,235092.0,491030.0,692906.0,25100.0,138210.0,145180.0
43235.0,3081754.0,282751.0,51483.0,16948.0,154111.0,77499.0,17598.0,239895.0,3934.0,124029.0,72213.0,191843.0,243974.0,498922.0,739934.0,25416.0,150963.0,147038.0
43266.0,2954943.0,229020.0,49106.0,16421.0,144180.0,78100.0,16144.0,232868.0,3734.0,123048.0,68891.0,186149.0,241563.0,493551.0,723434.0,24670.0,143939.0,137975.0
43296.0,3106695.0,234050.0,49707.0,16929.0,151957.0,87971.0,17505.0,248609.0,4011.0,132498.0,73939.0,200511.0,252008.0,525478.0,758977.0,25119.0,143239.0,141757.0
43327.0,3178843.0,242885.0,49826.0,16903.0,155641.0,93430.0,17160.0,252014.0,4035.0,135251.0,75133.0,203451.0,258669.0,534914.0,772171.0,25127.0,155874.0,142608.0
